Timestamp,ComputerName,Hostname,Domain,Source,Channel,EventRecordID,EventID,Level,TaskCategory,Keywords,User,Process,IP,Description,Correlation
2025-10-10 05:02:00,CORP-SRV-008,host10.corp.local,CORP.LOCAL,Microsoft-Windows-Sysmon,Security,2000189,1102,Warning,Policy Change,Audit Failure,CORP\Administrator,lsass.exe,10.1.5.123,The audit log was cleared.,{00000000-0000-0000-0000-000000000000}
2025-10-07 14:18:00,CORP-SRV-011,host4.corp.local,CORP.LOCAL,Microsoft-Windows-Eventlog,Security,2000123,4624,Information,Network,Classic,CORP\svc_monitor,svchost.exe,10.1.2.135,An account was successfully logged on. Subject: svc_monitor; Logon Type: 2.,{00000000-0000-0000-0000-000000000000}
2025-10-09 23:17:00,CORP-SRV-001,host6.corp.local,CORP.LOCAL,Windows Firewall with Advanced Security,Security,2000185,4688,Information,Network,Audit Failure,SYSTEM,powershell.exe,10.1.3.95,A new process has been created: sqlservr.exe; CommandLine: 'sqlservr.exe --run'.,{00000000-0000-0000-0000-000000000000}
2025-10-11 12:46:00,CORP-SRV-018,host4.corp.local,CORP.LOCAL,Windows Firewall with Advanced Security,System,2000213,7036,Information,Logon,Audit Failure,SYSTEM,powershell.exe,10.1.4.31,The service entered the running state.,{00000000-0000-0000-0000-000000000000}
2025-10-07 00:46:00,CORP-SRV-001,host7.corp.local,CORP.LOCAL,Microsoft-Windows-Eventlog,Security,2000106,4776,Warning,Service Control Manager,Security,CORP\alice,svchost.exe,10.1.2.166,The computer attempted to validate the credentials for an account.,{00000000-0000-0000-0000-000000000000}
2025-10-07 17:50:00,CORP-SRV-018,host8.corp.local,CORP.LOCAL,Microsoft-Windows-Security-Auditing,Security,2000127,5156,Information,Logon,Application,SYSTEM,sqlservr.exe,10.1.2.162,The Windows Filtering Platform has permitted a connection.,{00000000-0000-0000-0000-000000000000}
2025-10-09 14:31:00,CORP-SRV-001,host7.corp.local,CORP.LOCAL,Kernel-Power,Security,2000176,4634,Information,Logon,Audit Failure,CORP\alice,powershell.exe,10.1.1.111,An account was logged off.,{00000000-0000-0000-0000-000000000000}
2025-10-05 09:59:00,CORP-SRV-008,host4.corp.local,CORP.LOCAL,Microsoft-Windows-Security-Auditing,Security,2000073,4624,Information,Policy Change,Classic,CORP\svc_backup,powershell.exe,10.1.1.165,An account was successfully logged on. Subject: svc_backup; Logon Type: 3.,{00000000-0000-0000-0000-000000000000}
2025-10-14 02:20:00,CORP-SRV-015,host6.corp.local,CORP.LOCAL,Microsoft-Windows-Sysmon,System,2000275,7045,Information,Service Control Manager,Audit Failure,SYSTEM,lsass.exe,10.1.1.96,A service was installed in the system.,{00000000-0000-0000-0000-000000000000}
2025-10-12 21:26:00,CORP-SRV-010,host3.corp.local,CORP.LOCAL,Windows Firewall with Advanced Security,Security,2000242,4776,Warning,Process Creation,Application,CORP\svc_backup,explorer.exe,10.1.4.94,The computer attempted to validate the credentials for an account.,{00000000-0000-0000-0000-000000000000}
2025-10-13 18:18:00,CORP-SRV-017,host7.corp.local,CORP.LOCAL,Microsoft-Windows-Security-Auditing,Security,2000266,5156,Information,Logon,Application,SYSTEM,winlogon.exe,10.1.4.204,The Windows Filtering Platform has permitted a connection.,{00000000-0000-0000-0000-000000000000}
2025-10-08 10:02:00,CORP-SRV-009,host8.corp.local,CORP.LOCAL,Service Control Manager,Security,2000147,4625,Warning,Logon,Audit Success,-,powershell.exe,10.1.2.131,An account failed to log on. Failure Reason: Unknown username or bad password; Account: N/A.,{00000000-0000-0000-0000-000000000000}
2025-10-15 06:44:00,CORP-SRV-001,host10.corp.local,CORP.LOCAL,Windows Firewall with Advanced Security,Security,2000299,4776,Warning,Process Creation,Audit Success,CORP\alice,svchost.exe,10.1.4.113,The computer attempted to validate the credentials for an account.,{00000000-0000-0000-0000-000000000000}
2025-10-04 18:31:00,CORP-SRV-020,host9.corp.local,CORP.LOCAL,DNS Server,Security,2000058,4625,Warning,Network,Classic,CORP\alice,svchost.exe,10.1.3.243,An account failed to log on. Failure Reason: Unknown username or bad password; Account: CORP\alice.,{00000000-0000-0000-0000-000000000000}
2025-10-07 12:56:00,CORP-SRV-012,host3.corp.local,CORP.LOCAL,Service Control Manager,System,2000122,7036,Information,Logon,Audit Failure,SYSTEM,svchost.exe,10.1.5.156,The service entered the running state.,{00000000-0000-0000-0000-000000000000}
2025-10-05 16:44:00,CORP-SRV-014,host9.corp.local,CORP.LOCAL,Microsoft-Windows-Sysmon,Security,2000078,5156,Information,Network,Classic,SYSTEM,explorer.exe,10.1.3.7,The Windows Filtering Platform has permitted a connection.,{00000000-0000-0000-0000-000000000000}
2025-10-02 02:52:00,CORP-SRV-010,host2.corp.local,CORP.LOCAL,DNS Server,Security,2000011,5156,Information,Process Creation,Classic,SYSTEM,explorer.exe,10.1.1.156,The Windows Filtering Platform has permitted a connection.,{00000000-0000-0000-0000-000000000000}
2025-10-09 07:55:00,CORP-SRV-001,host8.corp.local,CORP.LOCAL,Kernel-Power,Security,2000167,4725,Information,Policy Change,Classic,CORP\itadmin,lsass.exe,10.1.5.227,A user account was disabled.,{00000000-0000-0000-0000-000000000000}
2025-10-11 17:04:00,CORP-SRV-010,host1.corp.local,CORP.LOCAL,Windows Firewall with Advanced Security,Security,2000220,5156,Information,Network,Audit Failure,SYSTEM,powershell.exe,10.1.2.50,The Windows Filtering Platform has permitted a connection.,{00000000-0000-0000-0000-000000000000}
2025-10-03 02:01:00,CORP-SRV-020,host10.corp.local,CORP.LOCAL,Microsoft-Windows-Security-Auditing,System,2000029,1100,Information,Service Control Manager,Audit Failure,SYSTEM,explorer.exe,10.1.5.253,The event logging service has shut down.,{00000000-0000-0000-0000-000000000000}
2025-10-03 01:30:00,CORP-SRV-017,host8.corp.local,CORP.LOCAL,Kernel-Power,Security,2000027,4624,Information,Process Creation,Audit Failure,CORP\svc_backup,powershell.exe,10.1.3.111,An account was successfully logged on. Subject: svc_backup; Logon Type: 3.,{00000000-0000-0000-0000-000000000000}
2025-10-07 05:03:00,CORP-SRV-020,host1.corp.local,CORP.LOCAL,Kernel-Power,Security,2000110,4722,Information,Policy Change,Audit Failure,CORP\itadmin,mimikatz.exe,10.1.1.57,A user account was enabled.,{00000000-0000-0000-0000-000000000000}
2025-10-13 07:01:00,CORP-SRV-014,host2.corp.local,CORP.LOCAL,Microsoft-Windows-Sysmon,Security,2000251,4625,Warning,Logon,Classic,CORP\alice,powershell.exe,10.1.2.52,An account failed to log on. Failure Reason: Unknown username or bad password; Account: CORP\alice.,{00000000-0000-0000-0000-000000000000}
2025-10-02 04:22:00,CORP-SRV-016,host3.corp.local,CORP.LOCAL,Winlogon,Security,2000012,4624,Information,Service Control Manager,Audit Failure,CORP\svc_backup,sqlservr.exe,10.1.3.91,An account was successfully logged on. Subject: svc_backup; Logon Type: 2.,{00000000-0000-0000-0000-000000000000}
2025-10-06 23:21:00,CORP-SRV-009,host6.corp.local,CORP.LOCAL,Winlogon,Security,2000105,5156,Information,Logon,Classic,SYSTEM,lsass.exe,10.1.4.87,The Windows Filtering Platform has permitted a connection.,{00000000-0000-0000-0000-000000000000}
2025-10-02 08:12:00,CORP-SRV-001,host9.corp.local,CORP.LOCAL,DNS Server,System,2000018,1100,Information,System,Audit Success,SYSTEM,explorer.exe,10.1.4.186,The event logging service has shut down.,{00000000-0000-0000-0000-000000000000}
2025-10-15 04:46:00,CORP-SRV-003,host8.corp.local,CORP.LOCAL,Winlogon,Security,2000297,4776,Warning,Process Creation,Security,CORP\alice,sqlservr.exe,10.1.3.57,The computer attempted to validate the credentials for an account.,{00000000-0000-0000-0000-000000000000}
2025-10-06 05:24:00,CORP-SRV-001,host1.corp.local,CORP.LOCAL,Microsoft-Windows-Security-Auditing,Security,2000090,4634,Information,Network,Security,CORP\svc_monitor,winlogon.exe,10.1.2.104,An account was logged off.,{00000000-0000-0000-0000-000000000000}
2025-10-15 01:31:00,CORP-SRV-017,host4.corp.local,CORP.LOCAL,Microsoft-Windows-Eventlog,Security,2000293,5156,Information,Logon,Audit Failure,SYSTEM,lsass.exe,10.1.3.161,The Windows Filtering Platform has permitted a connection.,{00000000-0000-0000-0000-000000000000}
2025-10-09 22:34:00,CORP-SRV-005,host5.corp.local,CORP.LOCAL,Microsoft-Windows-Eventlog,Security,2000184,4776,Warning,Network,Audit Success,CORP\svc_backup,winlogon.exe,10.1.1.11,The computer attempted to validate the credentials for an account.,{00000000-0000-0000-0000-000000000000}
2025-10-08 01:45:00,CORP-SRV-005,host10.corp.local,CORP.LOCAL,Windows Firewall with Advanced Security,Security,2000139,4624,Information,Policy Change,Application,CORP\alice,svchost.exe,10.1.4.207,An account was successfully logged on. Subject: alice; Logon Type: 3.,{00000000-0000-0000-0000-000000000000}
2025-10-13 03:16:00,CORP-SRV-016,host9.corp.local,CORP.LOCAL,Microsoft-Windows-Sysmon,System,2000248,7036,Information,Service Control Manager,Audit Success,SYSTEM,mimikatz.exe,10.1.4.144,The service entered the running state.,{00000000-0000-0000-0000-000000000000}
2025-10-12 02:21:00,CORP-SRV-018,host10.corp.local,CORP.LOCAL,Service Control Manager,Security,2000229,4688,Information,System,Audit Failure,CORP\alice,svchost.exe,10.1.5.102,A new process has been created: sqlservr.exe; CommandLine: 'sqlservr.exe --run'.,{00000000-0000-0000-0000-000000000000}
2025-10-04 19:56:00,CORP-SRV-010,host10.corp.local,CORP.LOCAL,DNS Server,Security,2000059,4776,Warning,Policy Change,Audit Failure,CORP\svc_backup,svchost.exe,10.1.2.211,The computer attempted to validate the credentials for an account.,{00000000-0000-0000-0000-000000000000}
2025-10-04 06:31:00,CORP-SRV-006,host2.corp.local,CORP.LOCAL,Winlogon,Security,2000051,4688,Information,Process Creation,Application,CORP\svc_deploy,explorer.exe,10.1.3.114,A new process has been created: sqlservr.exe; CommandLine: 'sqlservr.exe --run'.,{00000000-0000-0000-0000-000000000000}
2025-10-06 02:55:00,CORP-SRV-008,host9.corp.local,CORP.LOCAL,Microsoft-Windows-Eventlog,Security,2000088,4725,Information,Logon,Classic,CORP\itadmin,explorer.exe,10.1.1.116,A user account was disabled.,{00000000-0000-0000-0000-000000000000}
2025-10-06 10:21:00,CORP-SRV-016,host6.corp.local,CORP.LOCAL,DNS Server,Security,2000095,4625,Warning,Process Creation,Audit Failure,-,lsass.exe,10.1.2.24,An account failed to log on. Failure Reason: Unknown username or bad password; Account: N/A.,{00000000-0000-0000-0000-000000000000}
2025-10-09 03:19:00,CORP-SRV-020,host5.corp.local,CORP.LOCAL,Microsoft-Windows-Eventlog,System,2000164,1100,Information,Policy Change,Security,SYSTEM,sqlservr.exe,10.1.2.177,The event logging service has shut down.,{00000000-0000-0000-0000-000000000000}
2025-10-05 18:04:00,CORP-SRV-015,host1.corp.local,CORP.LOCAL,Kernel-Power,Security,2000080,4624,Information,System,Security,CORP\bob,sqlservr.exe,10.1.3.227,An account was successfully logged on. Subject: bob; Logon Type: 3.,{00000000-0000-0000-0000-000000000000}
2025-10-11 15:31:00,CORP-SRV-005,host8.corp.local,CORP.LOCAL,Service Control Manager,Security,2000217,4722,Information,Process Creation,Audit Failure,CORP\itadmin,explorer.exe,10.1.2.67,A user account was enabled.,{00000000-0000-0000-0000-000000000000}
2025-10-11 17:30:00,CORP-SRV-020,host2.corp.local,CORP.LOCAL,Kernel-Power,Security,2000221,4624,Information,Process Creation,Classic,CORP\alice,powershell.exe,10.1.1.223,An account was successfully logged on. Subject: alice; Logon Type: 3.,{00000000-0000-0000-0000-000000000000}
2025-10-12 00:17:00,CORP-SRV-017,host9.corp.local,CORP.LOCAL,Microsoft-Windows-Sysmon,System,2000228,7036,Information,Network,Classic,SYSTEM,mimikatz.exe,10.1.3.244,The service entered the running state.,{00000000-0000-0000-0000-000000000000}
2025-10-10 07:13:00,CORP-SRV-014,host2.corp.local,CORP.LOCAL,Microsoft-Windows-Sysmon,Security,2000191,4720,Information,Network,Application,CORP\itadmin,lsass.exe,10.1.3.172,A user account was created.,{00000000-0000-0000-0000-000000000000}
2025-10-01 15:18:00,CORP-SRV-003,host5.corp.local,CORP.LOCAL,Service Control Manager,Security,2000004,5156,Information,Network,Audit Success,SYSTEM,mimikatz.exe,10.1.5.231,The Windows Filtering Platform has permitted a connection.,{00000000-0000-0000-0000-000000000000}
2025-10-05 06:24:00,CORP-SRV-010,host1.corp.local,CORP.LOCAL,Microsoft-Windows-Sysmon,Security,2000070,4624,Information,Process Creation,Audit Success,CORP\alice,lsass.exe,10.1.1.33,An account was successfully logged on. Subject: alice; Logon Type: 10.,{00000000-0000-0000-0000-000000000000}
2025-10-11 17:45:00,CORP-SRV-015,host3.corp.local,CORP.LOCAL,Kernel-Power,Security,2000222,4722,Information,Service Control Manager,Classic,CORP\itadmin,lsass.exe,10.1.1.110,A user account was enabled.,{00000000-0000-0000-0000-000000000000}
2025-10-13 05:15:00,CORP-SRV-003,host10.corp.local,CORP.LOCAL,Microsoft-Windows-Sysmon,Security,2000249,4634,Information,Policy Change,Audit Failure,CORP\bob,mimikatz.exe,10.1.2.219,An account was logged off.,{00000000-0000-0000-0000-000000000000}
2025-10-08 22:38:00,CORP-SRV-012,host2.corp.local,CORP.LOCAL,Microsoft-Windows-Sysmon,Security,2000161,5156,Information,Service Control Manager,Application,SYSTEM,explorer.exe,10.1.2.96,The Windows Filtering Platform has permitted a connection.,{00000000-0000-0000-0000-000000000000}
2025-10-02 07:21:00,CORP-SRV-016,host7.corp.local,CORP.LOCAL,Microsoft-Windows-Eventlog,Security,2000016,5156,Information,Process Creation,Classic,SYSTEM,mimikatz.exe,10.1.1.167,The Windows Filtering Platform has permitted a connection.,{00000000-0000-0000-0000-000000000000}
2025-10-11 07:47:00,CORP-SRV-004,host9.corp.local,CORP.LOCAL,DNS Server,Security,2000208,5156,Information,Policy Change,Security,SYSTEM,svchost.exe,10.1.4.18,The Windows Filtering Platform has permitted a connection.,{00000000-0000-0000-0000-000000000000}
2025-10-01 09:36:00,CORP-SRV-003,host1.corp.local,CORP.LOCAL,Service Control Manager,System,2000000,6008,Error,Logon,Audit Failure,SYSTEM,powershell.exe,10.1.2.75,The previous system shutdown was unexpected.,{00000000-0000-0000-0000-000000000000}
2025-10-14 16:22:00,CORP-SRV-008,host5.corp.local,CORP.LOCAL,DNS Server,Security,2000284,4624,Information,Network,Audit Success,CORP\svc_monitor,svchost.exe,10.1.5.61,An account was successfully logged on. Subject: svc_monitor; Logon Type: 3.,{00000000-0000-0000-0000-000000000000}
2025-10-14 16:27:00,CORP-SRV-016,host6.corp.local,CORP.LOCAL,Service Control Manager,System,2000285,1100,Information,Policy Change,Audit Failure,SYSTEM,winlogon.exe,10.1.5.211,The event logging service has shut down.,{00000000-0000-0000-0000-000000000000}
2025-10-09 14:14:00,CORP-SRV-013,host6.corp.local,CORP.LOCAL,Microsoft-Windows-Eventlog,Security,2000175,5156,Information,Process Creation,Classic,SYSTEM,svchost.exe,10.1.4.59,The Windows Filtering Platform has permitted a connection.,{00000000-0000-0000-0000-000000000000}
2025-10-14 20:26:00,CORP-SRV-009,host9.corp.local,CORP.LOCAL,Microsoft-Windows-Sysmon,Security,2000288,4624,Information,Service Control Manager,Application,CORP\alice,powershell.exe,10.1.5.14,An account was successfully logged on. Subject: alice; Logon Type: 10.,{00000000-0000-0000-0000-000000000000}
2025-10-07 09:47:00,CORP-SRV-017,host10.corp.local,CORP.LOCAL,Microsoft-Windows-Sysmon,System,2000119,7036,Information,System,Security,SYSTEM,lsass.exe,10.1.5.218,The service entered the running state.,{00000000-0000-0000-0000-000000000000}
2025-10-05 00:26:00,CORP-SRV-003,host3.corp.local,CORP.LOCAL,Microsoft-Windows-Eventlog,Security,2000062,4624,Information,Policy Change,Audit Failure,CORP\svc_monitor,explorer.exe,10.1.2.63,An account was successfully logged on. Subject: svc_monitor; Logon Type: 3.,{00000000-0000-0000-0000-000000000000}
2025-10-09 19:34:00,CORP-SRV-014,host1.corp.local,CORP.LOCAL,DNS Server,System,2000180,1100,Information,Logon,Application,SYSTEM,powershell.exe,10.1.4.180,The event logging service has shut down.,{00000000-0000-0000-0000-000000000000}
2025-10-11 13:37:00,CORP-SRV-002,host5.corp.local,CORP.LOCAL,Microsoft-Windows-Eventlog,Security,2000214,4688,Information,Logon,Application,SYSTEM,sqlservr.exe,10.1.4.20,A new process has been created: sqlservr.exe; CommandLine: 'sqlservr.exe --run'.,{00000000-0000-0000-0000-000000000000}
2025-10-10 07:23:00,CORP-SRV-019,host4.corp.local,CORP.LOCAL,Kernel-Power,Security,2000193,4625,Warning,System,Audit Success,CORP\alice,winlogon.exe,10.1.2.34,An account failed to log on. Failure Reason: Unknown username or bad password; Account: CORP\alice.,{00000000-0000-0000-0000-000000000000}
2025-10-08 20:49:00,CORP-SRV-005,host9.corp.local,CORP.LOCAL,Microsoft-Windows-Security-Auditing,System,2000158,7036,Information,Network,Audit Failure,SYSTEM,explorer.exe,10.1.2.28,The service entered the running state.,{00000000-0000-0000-0000-000000000000}
2025-10-08 13:28:00,CORP-SRV-001,host1.corp.local,CORP.LOCAL,DNS Server,Security,2000150,4688,Information,Policy Change,Classic,SYSTEM,lsass.exe,10.1.5.195,A new process has been created: powershell.exe; CommandLine: 'powershell.exe --run'.,{00000000-0000-0000-0000-000000000000}
2025-10-06 21:48:00,CORP-SRV-020,host3.corp.local,CORP.LOCAL,Microsoft-Windows-Security-Auditing,System,2000102,7045,Information,Policy Change,Audit Success,SYSTEM,explorer.exe,10.1.1.216,A service was installed in the system.,{00000000-0000-0000-0000-000000000000}
2025-10-09 00:06:00,CORP-SRV-019,host4.corp.local,CORP.LOCAL,Microsoft-Windows-Eventlog,Security,2000163,4625,Warning,Policy Change,Audit Success,-,powershell.exe,10.1.2.208,An account failed to log on. Failure Reason: Unknown username or bad password; Account: N/A.,{00000000-0000-0000-0000-000000000000}
2025-10-07 05:55:00,CORP-SRV-003,host3.corp.local,CORP.LOCAL,Service Control Manager,Security,2000112,4776,Warning,Logon,Audit Failure,CORP\svc_backup,sqlservr.exe,10.1.2.202,The computer attempted to validate the credentials for an account.,{00000000-0000-0000-0000-000000000000}
2025-10-13 02:08:00,CORP-SRV-002,host7.corp.local,CORP.LOCAL,Winlogon,Security,2000246,4776,Warning,Network,Security,CORP\alice,svchost.exe,10.1.2.55,The computer attempted to validate the credentials for an account.,{00000000-0000-0000-0000-000000000000}
2025-10-03 14:12:00,CORP-SRV-008,host10.corp.local,CORP.LOCAL,Microsoft-Windows-Security-Auditing,Security,2000039,4688,Information,Process Creation,Audit Failure,SYSTEM,powershell.exe,10.1.3.33,A new process has been created: notepad.exe; CommandLine: 'notepad.exe --run'.,{00000000-0000-0000-0000-000000000000}
2025-10-09 10:17:00,CORP-SRV-009,host1.corp.local,CORP.LOCAL,Microsoft-Windows-Eventlog,System,2000170,1100,Information,Network,Audit Success,SYSTEM,explorer.exe,10.1.4.130,The event logging service has shut down.,{00000000-0000-0000-0000-000000000000}
2025-10-05 22:21:00,CORP-SRV-017,host6.corp.local,CORP.LOCAL,Microsoft-Windows-Sysmon,Security,2000085,4625,Warning,Process Creation,Audit Failure,CORP\unknown,svchost.exe,10.1.2.45,An account failed to log on. Failure Reason: Unknown username or bad password; Account: CORP\unknown.,{00000000-0000-0000-0000-000000000000}
2025-10-13 00:08:00,CORP-SRV-008,host4.corp.local,CORP.LOCAL,Winlogon,Security,2000243,5156,Information,Policy Change,Application,SYSTEM,lsass.exe,10.1.2.138,The Windows Filtering Platform has permitted a connection.,{00000000-0000-0000-0000-000000000000}
2025-10-14 12:46:00,CORP-SRV-017,host3.corp.local,CORP.LOCAL,Kernel-Power,Security,2000282,4624,Information,Policy Change,Audit Failure,CORP\svc_monitor,winlogon.exe,10.1.2.43,An account was successfully logged on. Subject: svc_monitor; Logon Type: 2.,{00000000-0000-0000-0000-000000000000}
2025-10-02 08:02:00,CORP-SRV-007,host8.corp.local,CORP.LOCAL,Microsoft-Windows-Eventlog,Security,2000017,4624,Information,Process Creation,Security,CORP\bob,sqlservr.exe,10.1.3.22,An account was successfully logged on. Subject: bob; Logon Type: 10.,{00000000-0000-0000-0000-000000000000}
2025-10-07 05:25:00,CORP-SRV-007,host2.corp.local,CORP.LOCAL,DNS Server,Security,2000111,4634,Information,Policy Change,Audit Failure,CORP\alice,winlogon.exe,10.1.2.170,An account was logged off.,{00000000-0000-0000-0000-000000000000}
2025-10-07 19:42:00,CORP-SRV-013,host2.corp.local,CORP.LOCAL,Windows Firewall with Advanced Security,Security,2000131,5156,Information,Network,Security,SYSTEM,sqlservr.exe,10.1.4.97,The Windows Filtering Platform has permitted a connection.,{00000000-0000-0000-0000-000000000000}
2025-10-03 15:25:00,CORP-SRV-003,host3.corp.local,CORP.LOCAL,Microsoft-Windows-Sysmon,Security,2000042,5156,Information,Process Creation,Audit Success,SYSTEM,explorer.exe,10.1.3.94,The Windows Filtering Platform has permitted a connection.,{00000000-0000-0000-0000-000000000000}
2025-10-07 02:45:00,CORP-SRV-019,host9.corp.local,CORP.LOCAL,Kernel-Power,Security,2000108,4688,Information,Service Control Manager,Security,CORP\svc_deploy,sqlservr.exe,10.1.4.170,A new process has been created: cmd.exe; CommandLine: 'cmd.exe --run'.,{00000000-0000-0000-0000-000000000000}
2025-10-15 01:09:00,CORP-SRV-008,host3.corp.local,CORP.LOCAL,Windows Firewall with Advanced Security,Security,2000292,4634,Information,Service Control Manager,Security,CORP\alice,mimikatz.exe,10.1.2.42,An account was logged off.,{00000000-0000-0000-0000-000000000000}
2025-10-01 18:04:00,CORP-SRV-015,host6.corp.local,CORP.LOCAL,DNS Server,Security,2000005,4688,Information,System,Application,CORP\svc_deploy,lsass.exe,10.1.5.69,A new process has been created: notepad.exe; CommandLine: 'notepad.exe --run'.,{00000000-0000-0000-0000-000000000000}
2025-10-06 04:02:00,CORP-SRV-020,host10.corp.local,CORP.LOCAL,Service Control Manager,Security,2000089,4625,Warning,Network,Audit Success,-,lsass.exe,10.1.5.249,An account failed to log on. Failure Reason: Unknown username or bad password; Account: N/A.,{00000000-0000-0000-0000-000000000000}
2025-10-03 10:54:00,CORP-SRV-012,host9.corp.local,CORP.LOCAL,Service Control Manager,Security,2000038,4624,Information,Policy Change,Audit Failure,CORP\alice,winlogon.exe,10.1.5.27,An account was successfully logged on. Subject: alice; Logon Type: 2.,{00000000-0000-0000-0000-000000000000}
2025-10-09 13:40:00,CORP-SRV-001,host5.corp.local,CORP.LOCAL,Windows Firewall with Advanced Security,Security,2000174,4625,Warning,Logon,Audit Success,CORP\alice,powershell.exe,10.1.5.165,An account failed to log on. Failure Reason: Unknown username or bad password; Account: CORP\alice.,{00000000-0000-0000-0000-000000000000}
2025-10-05 04:13:00,CORP-SRV-019,host8.corp.local,CORP.LOCAL,Service Control Manager,System,2000067,7036,Information,Logon,Application,SYSTEM,svchost.exe,10.1.4.45,The service entered the running state.,{00000000-0000-0000-0000-000000000000}
2025-10-13 11:52:00,CORP-SRV-013,host7.corp.local,CORP.LOCAL,Microsoft-Windows-Sysmon,Security,2000256,4624,Information,Service Control Manager,Classic,CORP\svc_monitor,explorer.exe,10.1.3.22,An account was successfully logged on. Subject: svc_monitor; Logon Type: 2.,{00000000-0000-0000-0000-000000000000}
2025-10-07 00:49:00,CORP-SRV-002,host8.corp.local,CORP.LOCAL,Microsoft-Windows-Security-Auditing,Security,2000107,4625,Warning,System,Security,CORP\unknown,powershell.exe,10.1.4.251,An account failed to log on. Failure Reason: Unknown username or bad password; Account: CORP\unknown.,{00000000-0000-0000-0000-000000000000}
2025-10-03 07:43:00,CORP-SRV-002,host5.corp.local,CORP.LOCAL,Winlogon,Security,2000034,4688,Information,System,Application,CORP\alice,svchost.exe,10.1.2.201,A new process has been created: mimikatz.exe; CommandLine: 'mimikatz.exe --run'.,{00000000-0000-0000-0000-000000000000}
2025-10-09 19:41:00,CORP-SRV-007,host2.corp.local,CORP.LOCAL,Service Control Manager,Security,2000181,4625,Warning,Service Control Manager,Security,-,lsass.exe,10.1.1.252,An account failed to log on. Failure Reason: Unknown username or bad password; Account: N/A.,{00000000-0000-0000-0000-000000000000}
2025-10-14 20:45:00,CORP-SRV-006,host1.corp.local,CORP.LOCAL,DNS Server,Security,2000290,4624,Information,Service Control Manager,Classic,CORP\svc_monitor,explorer.exe,10.1.2.158,An account was successfully logged on. Subject: svc_monitor; Logon Type: 3.,{00000000-0000-0000-0000-000000000000}
2025-10-13 00:25:00,CORP-SRV-005,host5.corp.local,CORP.LOCAL,Service Control Manager,Security,2000244,4634,Information,Network,Audit Success,CORP\alice,mimikatz.exe,10.1.1.159,An account was logged off.,{00000000-0000-0000-0000-000000000000}
2025-10-10 13:41:00,CORP-SRV-014,host8.corp.local,CORP.LOCAL,Microsoft-Windows-Security-Auditing,Security,2000197,4776,Warning,Service Control Manager,Audit Failure,CORP\svc_backup,lsass.exe,10.1.2.70,The computer attempted to validate the credentials for an account.,{00000000-0000-0000-0000-000000000000}
2025-10-14 11:25:00,CORP-SRV-006,host10.corp.local,CORP.LOCAL,Winlogon,System,2000279,7045,Information,Policy Change,Security,SYSTEM,mimikatz.exe,10.1.5.34,A service was installed in the system.,{00000000-0000-0000-0000-000000000000}
2025-10-13 09:23:00,CORP-SRV-007,host4.corp.local,CORP.LOCAL,Service Control Manager,Security,2000253,4624,Information,System,Audit Failure,CORP\alice,svchost.exe,10.1.3.123,An account was successfully logged on. Subject: alice; Logon Type: 2.,{00000000-0000-0000-0000-000000000000}
2025-10-02 09:43:00,CORP-SRV-008,host10.corp.local,CORP.LOCAL,Microsoft-Windows-Sysmon,Security,2000019,4625,Warning,Logon,Application,CORP\unknown,powershell.exe,10.1.2.158,An account failed to log on. Failure Reason: Unknown username or bad password; Account: CORP\unknown.,{00000000-0000-0000-0000-000000000000}
2025-10-02 06:09:00,CORP-SRV-011,host5.corp.local,CORP.LOCAL,Winlogon,Security,2000014,4722,Information,Policy Change,Audit Failure,CORP\itadmin,mimikatz.exe,10.1.1.206,A user account was enabled.,{00000000-0000-0000-0000-000000000000}
2025-10-06 06:07:00,CORP-SRV-014,host2.corp.local,CORP.LOCAL,DNS Server,System,2000091,7036,Information,Service Control Manager,Security,SYSTEM,svchost.exe,10.1.5.185,The service entered the running state.,{00000000-0000-0000-0000-000000000000}
2025-10-15 04:38:00,CORP-SRV-015,host7.corp.local,CORP.LOCAL,Winlogon,Security,2000296,4624,Information,Policy Change,Security,CORP\svc_monitor,svchost.exe,10.1.2.12,An account was successfully logged on. Subject: svc_monitor; Logon Type: 3.,{00000000-0000-0000-0000-000000000000}
2025-10-09 08:03:00,CORP-SRV-016,host9.corp.local,CORP.LOCAL,Windows Firewall with Advanced Security,Security,2000168,4688,Information,System,Classic,SYSTEM,winlogon.exe,10.1.2.132,A new process has been created: notepad.exe; CommandLine: 'notepad.exe --run'.,{00000000-0000-0000-0000-000000000000}
2025-10-03 16:33:00,CORP-SRV-001,host5.corp.local,CORP.LOCAL,Microsoft-Windows-Sysmon,Security,2000044,4688,Information,Logon,Audit Failure,CORP\svc_deploy,mimikatz.exe,10.1.4.25,A new process has been created: mimikatz.exe; CommandLine: 'mimikatz.exe --run'.,{00000000-0000-0000-0000-000000000000}
2025-10-14 11:27:00,CORP-SRV-001,host1.corp.local,CORP.LOCAL,Microsoft-Windows-Eventlog,Security,2000280,4688,Information,Process Creation,Security,SYSTEM,explorer.exe,10.1.2.248,A new process has been created: mimikatz.exe; CommandLine: 'mimikatz.exe --run'.,{00000000-0000-0000-0000-000000000000}
2025-10-12 12:51:00,CORP-SRV-006,host9.corp.local,CORP.LOCAL,Windows Firewall with Advanced Security,Security,2000238,4776,Warning,Network,Security,CORP\svc_backup,explorer.exe,10.1.2.207,The computer attempted to validate the credentials for an account.,{00000000-0000-0000-0000-000000000000}
2025-10-07 10:41:00,CORP-SRV-008,host1.corp.local,CORP.LOCAL,Winlogon,System,2000120,1100,Information,Service Control Manager,Classic,SYSTEM,powershell.exe,10.1.5.25,The event logging service has shut down.,{00000000-0000-0000-0000-000000000000}
2025-10-13 14:49:00,CORP-SRV-016,host10.corp.local,CORP.LOCAL,DNS Server,Security,2000259,4625,Warning,Network,Classic,CORP\unknown,winlogon.exe,10.1.1.234,An account failed to log on. Failure Reason: Unknown username or bad password; Account: CORP\unknown.,{00000000-0000-0000-0000-000000000000}
2025-10-03 15:16:00,CORP-SRV-013,host2.corp.local,CORP.LOCAL,Microsoft-Windows-Sysmon,Security,2000041,4625,Warning,Service Control Manager,Audit Success,CORP\alice,winlogon.exe,10.1.1.236,An account failed to log on. Failure Reason: Unknown username or bad password; Account: CORP\alice.,{00000000-0000-0000-0000-000000000000}
2025-10-05 17:09:00,CORP-SRV-013,host10.corp.local,CORP.LOCAL,Windows Firewall with Advanced Security,Security,2000079,5156,Information,Process Creation,Audit Success,SYSTEM,sqlservr.exe,10.1.2.80,The Windows Filtering Platform has permitted a connection.,{00000000-0000-0000-0000-000000000000}
2025-10-14 14:13:00,CORP-SRV-008,host4.corp.local,CORP.LOCAL,Microsoft-Windows-Eventlog,Security,2000283,4688,Information,Policy Change,Classic,CORP\svc_deploy,lsass.exe,10.1.4.70,A new process has been created: sqlservr.exe; CommandLine: 'sqlservr.exe --run'.,{00000000-0000-0000-0000-000000000000}
2025-10-08 01:45:00,CORP-SRV-014,host9.corp.local,CORP.LOCAL,Kernel-Power,System,2000138,7045,Information,System,Security,SYSTEM,explorer.exe,10.1.5.26,A service was installed in the system.,{00000000-0000-0000-0000-000000000000}
2025-10-10 02:10:00,CORP-SRV-010,host8.corp.local,CORP.LOCAL,Microsoft-Windows-Security-Auditing,Security,2000187,4634,Information,Service Control Manager,Security,CORP\alice,lsass.exe,10.1.2.250,An account was logged off.,{00000000-0000-0000-0000-000000000000}
2025-10-13 15:30:00,CORP-SRV-019,host2.corp.local,CORP.LOCAL,DNS Server,System,2000261,1100,Information,Service Control Manager,Security,SYSTEM,svchost.exe,10.1.3.99,The event logging service has shut down.,{00000000-0000-0000-0000-000000000000}
2025-10-07 08:16:00,CORP-SRV-008,host8.corp.local,CORP.LOCAL,Microsoft-Windows-Eventlog,Security,2000117,4688,Information,Logon,Application,CORP\alice,mimikatz.exe,10.1.4.218,A new process has been created: cmd.exe; CommandLine: 'cmd.exe --run'.,{00000000-0000-0000-0000-000000000000}
2025-10-06 20:30:00,CORP-SRV-019,host10.corp.local,CORP.LOCAL,Microsoft-Windows-Eventlog,Security,2000099,1102,Warning,System,Application,CORP\Administrator,svchost.exe,10.1.1.55,The audit log was cleared.,{00000000-0000-0000-0000-000000000000}
2025-10-01 22:41:00,CORP-SRV-019,host9.corp.local,CORP.LOCAL,Microsoft-Windows-Eventlog,Security,2000008,4624,Information,Policy Change,Security,CORP\svc_monitor,svchost.exe,10.1.3.162,An account was successfully logged on. Subject: svc_monitor; Logon Type: 10.,{00000000-0000-0000-0000-000000000000}
2025-10-11 23:19:00,CORP-SRV-016,host8.corp.local,CORP.LOCAL,Microsoft-Windows-Sysmon,Security,2000227,4624,Information,Service Control Manager,Security,CORP\svc_monitor,mimikatz.exe,10.1.1.26,An account was successfully logged on. Subject: svc_monitor; Logon Type: 10.,{00000000-0000-0000-0000-000000000000}
2025-10-09 21:04:00,CORP-SRV-007,host3.corp.local,CORP.LOCAL,Windows Firewall with Advanced Security,Security,2000182,4722,Information,Process Creation,Application,CORP\itadmin,sqlservr.exe,10.1.3.115,A user account was enabled.,{00000000-0000-0000-0000-000000000000}
2025-10-07 21:18:00,CORP-SRV-011,host3.corp.local,CORP.LOCAL,Microsoft-Windows-Eventlog,Security,2000132,4634,Information,System,Audit Failure,-,svchost.exe,10.1.3.215,An account was logged off.,{00000000-0000-0000-0000-000000000000}
2025-10-03 03:41:00,CORP-SRV-018,host2.corp.local,CORP.LOCAL,Microsoft-Windows-Eventlog,Security,2000031,4634,Information,Service Control Manager,Security,CORP\alice,sqlservr.exe,10.1.4.8,An account was logged off.,{00000000-0000-0000-0000-000000000000}
2025-10-09 11:31:00,CORP-SRV-009,host2.corp.local,CORP.LOCAL,DNS Server,Security,2000171,4624,Information,Network,Audit Failure,CORP\svc_monitor,winlogon.exe,10.1.1.122,An account was successfully logged on. Subject: svc_monitor; Logon Type: 2.,{00000000-0000-0000-0000-000000000000}
2025-10-04 13:51:00,CORP-SRV-008,host6.corp.local,CORP.LOCAL,Microsoft-Windows-Eventlog,System,2000055,6008,Error,Logon,Classic,SYSTEM,powershell.exe,10.1.1.240,The previous system shutdown was unexpected.,{00000000-0000-0000-0000-000000000000}
2025-10-03 01:52:00,CORP-SRV-005,host9.corp.local,CORP.LOCAL,Microsoft-Windows-Sysmon,Security,2000028,4624,Information,Policy Change,Audit Failure,CORP\svc_backup,svchost.exe,10.1.4.74,An account was successfully logged on. Subject: svc_backup; Logon Type: 10.,{00000000-0000-0000-0000-000000000000}
2025-10-12 07:52:00,CORP-SRV-001,host7.corp.local,CORP.LOCAL,DNS Server,Security,2000236,4776,Warning,Logon,Audit Success,CORP\svc_backup,winlogon.exe,10.1.4.130,The computer attempted to validate the credentials for an account.,{00000000-0000-0000-0000-000000000000}
2025-10-09 08:45:00,CORP-SRV-007,host10.corp.local,CORP.LOCAL,DNS Server,Security,2000169,4625,Warning,System,Audit Failure,CORP\alice,mimikatz.exe,10.1.2.199,An account failed to log on. Failure Reason: Unknown username or bad password; Account: CORP\alice.,{00000000-0000-0000-0000-000000000000}
2025-10-04 05:02:00,CORP-SRV-011,host9.corp.local,CORP.LOCAL,Microsoft-Windows-Security-Auditing,Security,2000048,4688,Information,System,Audit Failure,CORP\svc_deploy,powershell.exe,10.1.1.172,A new process has been created: cmd.exe; CommandLine: 'cmd.exe --run'.,{00000000-0000-0000-0000-000000000000}
2025-10-12 13:00:00,CORP-SRV-015,host10.corp.local,CORP.LOCAL,Microsoft-Windows-Sysmon,Security,2000239,4624,Information,Policy Change,Audit Success,CORP\alice,lsass.exe,10.1.3.82,An account was successfully logged on. Subject: alice; Logon Type: 3.,{00000000-0000-0000-0000-000000000000}
2025-10-08 21:16:00,CORP-SRV-015,host10.corp.local,CORP.LOCAL,Windows Firewall with Advanced Security,Security,2000159,4624,Information,Network,Classic,CORP\svc_backup,svchost.exe,10.1.1.178,An account was successfully logged on. Subject: svc_backup; Logon Type: 10.,{00000000-0000-0000-0000-000000000000}
2025-10-11 11:21:00,CORP-SRV-013,host2.corp.local,CORP.LOCAL,Service Control Manager,System,2000211,1100,Information,Process Creation,Classic,SYSTEM,explorer.exe,10.1.3.180,The event logging service has shut down.,{00000000-0000-0000-0000-000000000000}
2025-10-03 04:14:00,CORP-SRV-001,host4.corp.local,CORP.LOCAL,Kernel-Power,Security,2000033,5156,Information,Network,Audit Failure,SYSTEM,powershell.exe,10.1.1.197,The Windows Filtering Platform has permitted a connection.,{00000000-0000-0000-0000-000000000000}
2025-10-06 08:44:00,CORP-SRV-007,host4.corp.local,CORP.LOCAL,Microsoft-Windows-Sysmon,Security,2000093,4776,Warning,Logon,Classic,-,powershell.exe,10.1.5.242,The computer attempted to validate the credentials for an account.,{00000000-0000-0000-0000-000000000000}
2025-10-08 10:01:00,CORP-SRV-002,host7.corp.local,CORP.LOCAL,Service Control Manager,Security,2000146,4688,Information,Logon,Audit Failure,CORP\svc_deploy,sqlservr.exe,10.1.4.251,A new process has been created: mimikatz.exe; CommandLine: 'mimikatz.exe --run'.,{00000000-0000-0000-0000-000000000000}
2025-10-03 07:58:00,CORP-SRV-009,host6.corp.local,CORP.LOCAL,Microsoft-Windows-Security-Auditing,Security,2000035,4776,Warning,System,Audit Failure,-,explorer.exe,10.1.2.95,The computer attempted to validate the credentials for an account.,{00000000-0000-0000-0000-000000000000}
2025-10-11 04:05:00,CORP-SRV-008,host5.corp.local,CORP.LOCAL,Kernel-Power,Security,2000204,4624,Information,Network,Application,CORP\alice,lsass.exe,10.1.5.4,An account was successfully logged on. Subject: alice; Logon Type: 10.,{00000000-0000-0000-0000-000000000000}
2025-10-05 00:38:00,CORP-SRV-020,host4.corp.local,CORP.LOCAL,Kernel-Power,Security,2000063,4776,Warning,Policy Change,Audit Failure,CORP\svc_backup,winlogon.exe,10.1.1.208,The computer attempted to validate the credentials for an account.,{00000000-0000-0000-0000-000000000000}
2025-10-11 19:57:00,CORP-SRV-006,host4.corp.local,CORP.LOCAL,Microsoft-Windows-Security-Auditing,Security,2000223,4722,Information,Service Control Manager,Security,CORP\itadmin,explorer.exe,10.1.4.239,A user account was enabled.,{00000000-0000-0000-0000-000000000000}
2025-10-11 22:55:00,CORP-SRV-020,host6.corp.local,CORP.LOCAL,Service Control Manager,Security,2000225,5156,Information,System,Audit Failure,SYSTEM,svchost.exe,10.1.4.184,The Windows Filtering Platform has permitted a connection.,{00000000-0000-0000-0000-000000000000}
2025-10-05 03:14:00,CORP-SRV-017,host7.corp.local,CORP.LOCAL,Microsoft-Windows-Security-Auditing,Security,2000066,4625,Warning,Logon,Security,CORP\unknown,sqlservr.exe,10.1.5.70,An account failed to log on. Failure Reason: Unknown username or bad password; Account: CORP\unknown.,{00000000-0000-0000-0000-000000000000}
2025-10-08 18:35:00,CORP-SRV-005,host5.corp.local,CORP.LOCAL,Microsoft-Windows-Security-Auditing,Security,2000154,4634,Information,Network,Audit Failure,CORP\alice,svchost.exe,10.1.5.163,An account was logged off.,{00000000-0000-0000-0000-000000000000}
2025-10-10 04:19:00,CORP-SRV-017,host9.corp.local,CORP.LOCAL,Microsoft-Windows-Sysmon,Security,2000188,5156,Information,Logon,Security,SYSTEM,explorer.exe,10.1.5.179,The Windows Filtering Platform has permitted a connection.,{00000000-0000-0000-0000-000000000000}
2025-10-13 02:52:00,CORP-SRV-009,host8.corp.local,CORP.LOCAL,Microsoft-Windows-Security-Auditing,Security,2000247,4722,Information,Logon,Classic,CORP\itadmin,lsass.exe,10.1.3.63,A user account was enabled.,{00000000-0000-0000-0000-000000000000}
2025-10-13 12:23:00,CORP-SRV-017,host9.corp.local,CORP.LOCAL,Service Control Manager,Security,2000258,4625,Warning,Service Control Manager,Application,-,lsass.exe,10.1.4.253,An account failed to log on. Failure Reason: Unknown username or bad password; Account: N/A.,{00000000-0000-0000-0000-000000000000}
2025-10-04 02:37:00,CORP-SRV-013,host8.corp.local,CORP.LOCAL,Microsoft-Windows-Eventlog,Security,2000047,4625,Warning,Logon,Security,-,sqlservr.exe,10.1.5.223,An account failed to log on. Failure Reason: Unknown username or bad password; Account: N/A.,{00000000-0000-0000-0000-000000000000}
2025-10-11 16:49:00,CORP-SRV-001,host10.corp.local,CORP.LOCAL,DNS Server,Security,2000219,4725,Information,Policy Change,Application,CORP\itadmin,powershell.exe,10.1.1.96,A user account was disabled.,{00000000-0000-0000-0000-000000000000}
2025-10-11 06:30:00,CORP-SRV-018,host7.corp.local,CORP.LOCAL,Microsoft-Windows-Eventlog,Security,2000206,4688,Information,Service Control Manager,Security,CORP\alice,winlogon.exe,10.1.5.109,A new process has been created: powershell.exe; CommandLine: 'powershell.exe --run'.,{00000000-0000-0000-0000-000000000000}
2025-10-03 14:18:00,CORP-SRV-016,host1.corp.local,CORP.LOCAL,Winlogon,Security,2000040,4688,Information,Network,Security,CORP\svc_deploy,lsass.exe,10.1.1.94,A new process has been created: taskmgr.exe; CommandLine: 'taskmgr.exe --run'.,{00000000-0000-0000-0000-000000000000}
2025-10-02 11:42:00,CORP-SRV-002,host2.corp.local,CORP.LOCAL,DNS Server,System,2000021,7036,Information,Service Control Manager,Classic,SYSTEM,powershell.exe,10.1.1.189,The service entered the running state.,{00000000-0000-0000-0000-000000000000}
2025-10-06 21:12:00,CORP-SRV-020,host2.corp.local,CORP.LOCAL,Microsoft-Windows-Security-Auditing,Security,2000101,4776,Warning,Policy Change,Audit Success,CORP\svc_backup,svchost.exe,10.1.5.27,The computer attempted to validate the credentials for an account.,{00000000-0000-0000-0000-000000000000}
2025-10-05 06:20:00,CORP-SRV-008,host10.corp.local,CORP.LOCAL,Microsoft-Windows-Sysmon,Security,2000069,4722,Information,Policy Change,Security,CORP\itadmin,sqlservr.exe,10.1.3.18,A user account was enabled.,{00000000-0000-0000-0000-000000000000}
2025-10-04 09:41:00,CORP-SRV-019,host4.corp.local,CORP.LOCAL,Microsoft-Windows-Sysmon,System,2000053,1100,Information,Policy Change,Audit Success,SYSTEM,sqlservr.exe,10.1.1.216,The event logging service has shut down.,{00000000-0000-0000-0000-000000000000}
2025-10-08 00:35:00,CORP-SRV-011,host8.corp.local,CORP.LOCAL,Microsoft-Windows-Sysmon,Security,2000137,5156,Information,Process Creation,Classic,SYSTEM,mimikatz.exe,10.1.3.15,The Windows Filtering Platform has permitted a connection.,{00000000-0000-0000-0000-000000000000}
2025-10-02 20:31:00,CORP-SRV-008,host5.corp.local,CORP.LOCAL,Service Control Manager,System,2000024,7036,Information,Network,Application,SYSTEM,sqlservr.exe,10.1.4.164,The service entered the running state.,{00000000-0000-0000-0000-000000000000}
2025-10-12 04:31:00,CORP-SRV-004,host3.corp.local,CORP.LOCAL,Microsoft-Windows-Security-Auditing,Security,2000232,4634,Information,Network,Audit Success,-,powershell.exe,10.1.3.18,An account was logged off.,{00000000-0000-0000-0000-000000000000}
2025-10-07 23:30:00,CORP-SRV-009,host5.corp.local,CORP.LOCAL,Winlogon,Security,2000134,4624,Information,Policy Change,Audit Failure,CORP\svc_backup,explorer.exe,10.1.5.152,An account was successfully logged on. Subject: svc_backup; Logon Type: 2.,{00000000-0000-0000-0000-000000000000}
2025-10-11 00:34:00,CORP-SRV-007,host3.corp.local,CORP.LOCAL,Windows Firewall with Advanced Security,Security,2000202,4722,Information,Process Creation,Audit Success,CORP\itadmin,svchost.exe,10.1.1.32,A user account was enabled.,{00000000-0000-0000-0000-000000000000}
2025-10-07 08:12:00,CORP-SRV-011,host7.corp.local,CORP.LOCAL,Winlogon,Security,2000116,5156,Information,Service Control Manager,Audit Failure,SYSTEM,explorer.exe,10.1.3.74,The Windows Filtering Platform has permitted a connection.,{00000000-0000-0000-0000-000000000000}
2025-10-15 05:26:00,CORP-SRV-002,host9.corp.local,CORP.LOCAL,Winlogon,Security,2000298,4776,Warning,Network,Audit Failure,-,svchost.exe,10.1.1.46,The computer attempted to validate the credentials for an account.,{00000000-0000-0000-0000-000000000000}
2025-10-08 05:56:00,CORP-SRV-008,host3.corp.local,CORP.LOCAL,Service Control Manager,Security,2000142,5156,Information,Process Creation,Security,SYSTEM,explorer.exe,10.1.2.233,The Windows Filtering Platform has permitted a connection.,{00000000-0000-0000-0000-000000000000}
2025-10-12 03:07:00,CORP-SRV-008,host1.corp.local,CORP.LOCAL,DNS Server,Security,2000230,4625,Warning,System,Audit Failure,-,sqlservr.exe,10.1.4.215,An account failed to log on. Failure Reason: Unknown username or bad password; Account: N/A.,{00000000-0000-0000-0000-000000000000}
2025-10-08 20:29:00,CORP-SRV-014,host8.corp.local,CORP.LOCAL,Windows Firewall with Advanced Security,Security,2000157,4688,Information,System,Audit Failure,CORP\alice,svchost.exe,10.1.4.47,A new process has been created: mimikatz.exe; CommandLine: 'mimikatz.exe --run'.,{00000000-0000-0000-0000-000000000000}
2025-10-14 02:18:00,CORP-SRV-014,host5.corp.local,CORP.LOCAL,Microsoft-Windows-Eventlog,Security,2000274,4776,Warning,Policy Change,Audit Failure,-,mimikatz.exe,10.1.4.142,The computer attempted to validate the credentials for an account.,{00000000-0000-0000-0000-000000000000}
2025-10-04 14:38:00,CORP-SRV-020,host7.corp.local,CORP.LOCAL,DNS Server,Security,2000056,5156,Information,Policy Change,Application,SYSTEM,svchost.exe,10.1.4.216,The Windows Filtering Platform has permitted a connection.,{00000000-0000-0000-0000-000000000000}
2025-10-04 22:46:00,CORP-SRV-015,host2.corp.local,CORP.LOCAL,DNS Server,Security,2000061,5156,Information,Policy Change,Application,SYSTEM,winlogon.exe,10.1.1.108,The Windows Filtering Platform has permitted a connection.,{00000000-0000-0000-0000-000000000000}
2025-10-09 12:11:00,CORP-SRV-016,host3.corp.local,CORP.LOCAL,Microsoft-Windows-Sysmon,Security,2000172,4688,Information,Service Control Manager,Security,CORP\alice,powershell.exe,10.1.2.72,A new process has been created: notepad.exe; CommandLine: 'notepad.exe --run'.,{00000000-0000-0000-0000-000000000000}
2025-10-09 13:23:00,CORP-SRV-006,host4.corp.local,CORP.LOCAL,Winlogon,Security,2000173,4625,Warning,Service Control Manager,Classic,CORP\alice,lsass.exe,10.1.3.254,An account failed to log on. Failure Reason: Unknown username or bad password; Account: CORP\alice.,{00000000-0000-0000-0000-000000000000}
2025-10-05 21:38:00,CORP-SRV-009,host5.corp.local,CORP.LOCAL,Kernel-Power,System,2000084,1100,Information,Logon,Classic,SYSTEM,sqlservr.exe,10.1.1.223,The event logging service has shut down.,{00000000-0000-0000-0000-000000000000}
2025-10-09 16:23:00,CORP-SRV-009,host8.corp.local,CORP.LOCAL,Winlogon,Security,2000177,4624,Information,Logon,Security,CORP\alice,winlogon.exe,10.1.4.103,An account was successfully logged on. Subject: alice; Logon Type: 3.,{00000000-0000-0000-0000-000000000000}
2025-10-07 06:14:00,CORP-SRV-016,host5.corp.local,CORP.LOCAL,Microsoft-Windows-Sysmon,Security,2000114,4776,Warning,Service Control Manager,Audit Failure,CORP\svc_backup,lsass.exe,10.1.3.132,The computer attempted to validate the credentials for an account.,{00000000-0000-0000-0000-000000000000}
2025-10-13 23:51:00,CORP-SRV-015,host2.corp.local,CORP.LOCAL,DNS Server,Security,2000271,5156,Information,Network,Security,SYSTEM,powershell.exe,10.1.5.62,The Windows Filtering Platform has permitted a connection.,{00000000-0000-0000-0000-000000000000}
2025-10-13 05:41:00,CORP-SRV-008,host1.corp.local,CORP.LOCAL,DNS Server,Security,2000250,4625,Warning,Policy Change,Audit Failure,-,svchost.exe,10.1.3.235,An account failed to log on. Failure Reason: Unknown username or bad password; Account: N/A.,{00000000-0000-0000-0000-000000000000}
2025-10-07 08:33:00,CORP-SRV-005,host9.corp.local,CORP.LOCAL,Microsoft-Windows-Eventlog,System,2000118,6008,Error,Policy Change,Audit Failure,SYSTEM,explorer.exe,10.1.2.138,The previous system shutdown was unexpected.,{00000000-0000-0000-0000-000000000000}
2025-10-10 21:38:00,CORP-SRV-010,host2.corp.local,CORP.LOCAL,Microsoft-Windows-Sysmon,System,2000201,1100,Information,Service Control Manager,Audit Success,SYSTEM,mimikatz.exe,10.1.2.205,The event logging service has shut down.,{00000000-0000-0000-0000-000000000000}
2025-10-08 09:56:00,CORP-SRV-015,host6.corp.local,CORP.LOCAL,Microsoft-Windows-Eventlog,Security,2000145,4624,Information,Logon,Audit Success,CORP\bob,explorer.exe,10.1.2.148,An account was successfully logged on. Subject: bob; Logon Type: 10.,{00000000-0000-0000-0000-000000000000}
2025-10-15 03:29:00,CORP-SRV-018,host5.corp.local,CORP.LOCAL,Microsoft-Windows-Security-Auditing,Security,2000294,4688,Information,Process Creation,Application,CORP\svc_deploy,mimikatz.exe,10.1.2.85,A new process has been created: mimikatz.exe; CommandLine: 'mimikatz.exe --run'.,{00000000-0000-0000-0000-000000000000}
2025-10-13 15:30:00,CORP-SRV-020,host1.corp.local,CORP.LOCAL,Microsoft-Windows-Eventlog,Security,2000260,4625,Warning,Process Creation,Classic,CORP\unknown,explorer.exe,10.1.5.218,An account failed to log on. Failure Reason: Unknown username or bad password; Account: CORP\unknown.,{00000000-0000-0000-0000-000000000000}
2025-10-04 13:06:00,CORP-SRV-003,host5.corp.local,CORP.LOCAL,Kernel-Power,Security,2000054,4625,Warning,Network,Classic,-,powershell.exe,10.1.1.160,An account failed to log on. Failure Reason: Unknown username or bad password; Account: N/A.,{00000000-0000-0000-0000-000000000000}
2025-10-13 20:23:00,CORP-SRV-014,host8.corp.local,CORP.LOCAL,Microsoft-Windows-Security-Auditing,Security,2000267,4625,Warning,System,Application,CORP\alice,svchost.exe,10.1.5.115,An account failed to log on. Failure Reason: Unknown username or bad password; Account: CORP\alice.,{00000000-0000-0000-0000-000000000000}
2025-10-09 18:31:00,CORP-SRV-006,host10.corp.local,CORP.LOCAL,Service Control Manager,Security,2000179,5156,Information,System,Security,SYSTEM,mimikatz.exe,10.1.4.223,The Windows Filtering Platform has permitted a connection.,{00000000-0000-0000-0000-000000000000}
2025-10-10 07:28:00,CORP-SRV-004,host5.corp.local,CORP.LOCAL,Service Control Manager,Security,2000194,4625,Warning,System,Application,-,explorer.exe,10.1.4.53,An account failed to log on. Failure Reason: Unknown username or bad password; Account: N/A.,{00000000-0000-0000-0000-000000000000}
2025-10-10 07:17:00,CORP-SRV-015,host3.corp.local,CORP.LOCAL,Service Control Manager,Security,2000192,4625,Warning,Policy Change,Security,-,sqlservr.exe,10.1.2.10,An account failed to log on. Failure Reason: Unknown username or bad password; Account: N/A.,{00000000-0000-0000-0000-000000000000}
2025-10-06 17:23:00,CORP-SRV-020,host9.corp.local,CORP.LOCAL,Service Control Manager,System,2000098,6008,Error,Policy Change,Classic,SYSTEM,explorer.exe,10.1.3.181,The previous system shutdown was unexpected.,{00000000-0000-0000-0000-000000000000}
2025-10-11 11:52:00,CORP-SRV-008,host3.corp.local,CORP.LOCAL,Winlogon,System,2000212,7045,Information,Service Control Manager,Security,SYSTEM,mimikatz.exe,10.1.4.190,A service was installed in the system.,{00000000-0000-0000-0000-000000000000}
2025-10-07 19:25:00,CORP-SRV-003,host1.corp.local,CORP.LOCAL,Service Control Manager,Security,2000130,5156,Information,System,Audit Failure,SYSTEM,lsass.exe,10.1.3.208,The Windows Filtering Platform has permitted a connection.,{00000000-0000-0000-0000-000000000000}
2025-10-06 14:09:00,CORP-SRV-001,host8.corp.local,CORP.LOCAL,DNS Server,Security,2000097,4776,Warning,System,Classic,-,powershell.exe,10.1.5.239,The computer attempted to validate the credentials for an account.,{00000000-0000-0000-0000-000000000000}
2025-10-13 22:59:00,CORP-SRV-014,host1.corp.local,CORP.LOCAL,Winlogon,Security,2000270,4688,Information,Process Creation,Security,CORP\alice,svchost.exe,10.1.3.46,A new process has been created: cmd.exe; CommandLine: 'cmd.exe --run'.,{00000000-0000-0000-0000-000000000000}
2025-10-05 20:03:00,CORP-SRV-016,host3.corp.local,CORP.LOCAL,Kernel-Power,Security,2000082,4776,Warning,System,Audit Failure,CORP\svc_backup,powershell.exe,10.1.2.129,The computer attempted to validate the credentials for an account.,{00000000-0000-0000-0000-000000000000}
2025-10-10 00:05:00,CORP-SRV-018,host7.corp.local,CORP.LOCAL,Microsoft-Windows-Eventlog,Security,2000186,5156,Information,Process Creation,Audit Failure,SYSTEM,mimikatz.exe,10.1.3.201,The Windows Filtering Platform has permitted a connection.,{00000000-0000-0000-0000-000000000000}
2025-10-04 22:29:00,CORP-SRV-020,host1.corp.local,CORP.LOCAL,Service Control Manager,Security,2000060,4624,Information,Service Control Manager,Audit Failure,CORP\svc_monitor,explorer.exe,10.1.2.101,An account was successfully logged on. Subject: svc_monitor; Logon Type: 10.,{00000000-0000-0000-0000-000000000000}
2025-10-06 08:49:00,CORP-SRV-007,host5.corp.local,CORP.LOCAL,Winlogon,Security,2000094,4625,Warning,Policy Change,Audit Success,CORP\unknown,powershell.exe,10.1.3.21,An account failed to log on. Failure Reason: Unknown username or bad password; Account: CORP\unknown.,{00000000-0000-0000-0000-000000000000}
2025-10-08 02:09:00,CORP-SRV-005,host1.corp.local,CORP.LOCAL,Microsoft-Windows-Eventlog,Security,2000140,4624,Information,System,Classic,CORP\alice,svchost.exe,10.1.3.195,An account was successfully logged on. Subject: alice; Logon Type: 2.,{00000000-0000-0000-0000-000000000000}
2025-10-11 21:40:00,CORP-SRV-020,host5.corp.local,CORP.LOCAL,Winlogon,Security,2000224,4624,Information,System,Classic,CORP\svc_backup,svchost.exe,10.1.4.245,An account was successfully logged on. Subject: svc_backup; Logon Type: 3.,{00000000-0000-0000-0000-000000000000}
2025-10-08 12:12:00,CORP-SRV-013,host9.corp.local,CORP.LOCAL,Microsoft-Windows-Sysmon,Security,2000148,4625,Warning,Process Creation,Classic,CORP\alice,lsass.exe,10.1.1.197,An account failed to log on. Failure Reason: Unknown username or bad password; Account: CORP\alice.,{00000000-0000-0000-0000-000000000000}
2025-10-08 15:52:00,CORP-SRV-015,host3.corp.local,CORP.LOCAL,DNS Server,Security,2000152,4624,Information,Network,Security,CORP\bob,lsass.exe,10.1.5.129,An account was successfully logged on. Subject: bob; Logon Type: 10.,{00000000-0000-0000-0000-000000000000}
2025-10-13 21:55:00,CORP-SRV-010,host10.corp.local,CORP.LOCAL,Kernel-Power,Security,2000269,4725,Information,Service Control Manager,Audit Failure,CORP\itadmin,winlogon.exe,10.1.5.62,A user account was disabled.,{00000000-0000-0000-0000-000000000000}
2025-10-14 18:11:00,CORP-SRV-006,host7.corp.local,CORP.LOCAL,Microsoft-Windows-Sysmon,Security,2000286,4634,Information,System,Audit Failure,-,svchost.exe,10.1.2.77,An account was logged off.,{00000000-0000-0000-0000-000000000000}
2025-10-05 19:57:00,CORP-SRV-008,host2.corp.local,CORP.LOCAL,Microsoft-Windows-Sysmon,Security,2000081,4722,Information,Network,Audit Success,CORP\itadmin,mimikatz.exe,10.1.2.111,A user account was enabled.,{00000000-0000-0000-0000-000000000000}
2025-10-07 15:24:00,CORP-SRV-011,host5.corp.local,CORP.LOCAL,Service Control Manager,Security,2000124,5156,Information,Network,Application,SYSTEM,explorer.exe,10.1.5.243,The Windows Filtering Platform has permitted a connection.,{00000000-0000-0000-0000-000000000000}
2025-10-12 06:05:00,CORP-SRV-006,host4.corp.local,CORP.LOCAL,Microsoft-Windows-Sysmon,System,2000233,6008,Error,Logon,Classic,SYSTEM,winlogon.exe,10.1.3.157,The previous system shutdown was unexpected.,{00000000-0000-0000-0000-000000000000}
2025-10-12 06:25:00,CORP-SRV-012,host5.corp.local,CORP.LOCAL,Winlogon,Security,2000234,4634,Information,Network,Audit Failure,CORP\alice,svchost.exe,10.1.2.32,An account was logged off.,{00000000-0000-0000-0000-000000000000}
2025-10-02 04:30:00,CORP-SRV-017,host4.corp.local,CORP.LOCAL,Service Control Manager,Security,2000013,4625,Warning,Service Control Manager,Security,CORP\unknown,powershell.exe,10.1.3.178,An account failed to log on. Failure Reason: Unknown username or bad password; Account: CORP\unknown.,{00000000-0000-0000-0000-000000000000}
2025-10-06 11:47:00,CORP-SRV-011,host7.corp.local,CORP.LOCAL,Kernel-Power,System,2000096,7045,Information,System,Classic,SYSTEM,explorer.exe,10.1.4.12,A service was installed in the system.,{00000000-0000-0000-0000-000000000000}
2025-10-12 16:38:00,CORP-SRV-009,host1.corp.local,CORP.LOCAL,Microsoft-Windows-Sysmon,System,2000240,7045,Information,Policy Change,Audit Success,SYSTEM,explorer.exe,10.1.3.40,A service was installed in the system.,{00000000-0000-0000-0000-000000000000}
2025-10-03 18:01:00,CORP-SRV-010,host6.corp.local,CORP.LOCAL,Microsoft-Windows-Eventlog,Security,2000045,4624,Information,Logon,Audit Success,CORP\svc_backup,explorer.exe,10.1.5.68,An account was successfully logged on. Subject: svc_backup; Logon Type: 3.,{00000000-0000-0000-0000-000000000000}
2025-10-11 07:21:00,CORP-SRV-004,host8.corp.local,CORP.LOCAL,Winlogon,Security,2000207,4688,Information,Policy Change,Application,CORP\alice,winlogon.exe,10.1.4.182,A new process has been created: cmd.exe; CommandLine: 'cmd.exe --run'.,{00000000-0000-0000-0000-000000000000}
2025-10-06 23:02:00,CORP-SRV-010,host4.corp.local,CORP.LOCAL,Microsoft-Windows-Security-Auditing,Security,2000103,5156,Information,Policy Change,Audit Success,SYSTEM,winlogon.exe,10.1.4.206,The Windows Filtering Platform has permitted a connection.,{00000000-0000-0000-0000-000000000000}
2025-10-03 08:14:00,CORP-SRV-009,host7.corp.local,CORP.LOCAL,Microsoft-Windows-Sysmon,Security,2000036,4688,Information,Network,Audit Failure,SYSTEM,sqlservr.exe,10.1.2.27,A new process has been created: powershell.exe; CommandLine: 'powershell.exe --run'.,{00000000-0000-0000-0000-000000000000}
2025-10-13 20:59:00,CORP-SRV-017,host9.corp.local,CORP.LOCAL,Kernel-Power,Security,2000268,4722,Information,Process Creation,Classic,CORP\itadmin,lsass.exe,10.1.5.71,A user account was enabled.,{00000000-0000-0000-0000-000000000000}
2025-10-02 10:34:00,CORP-SRV-014,host1.corp.local,CORP.LOCAL,Winlogon,System,2000020,7036,Information,System,Security,SYSTEM,svchost.exe,10.1.3.115,The service entered the running state.,{00000000-0000-0000-0000-000000000000}
2025-10-14 00:46:00,CORP-SRV-002,host4.corp.local,CORP.LOCAL,Microsoft-Windows-Security-Auditing,Security,2000273,5156,Information,Service Control Manager,Audit Success,SYSTEM,mimikatz.exe,10.1.1.151,The Windows Filtering Platform has permitted a connection.,{00000000-0000-0000-0000-000000000000}
2025-10-11 08:42:00,CORP-SRV-004,host1.corp.local,CORP.LOCAL,Microsoft-Windows-Sysmon,Security,2000210,4624,Information,Network,Audit Failure,CORP\svc_monitor,svchost.exe,10.1.3.60,An account was successfully logged on. Subject: svc_monitor; Logon Type: 3.,{00000000-0000-0000-0000-000000000000}
2025-10-05 12:27:00,CORP-SRV-016,host6.corp.local,CORP.LOCAL,Service Control Manager,Security,2000075,4625,Warning,Policy Change,Audit Success,-,sqlservr.exe,10.1.2.226,An account failed to log on. Failure Reason: Unknown username or bad password; Account: N/A.,{00000000-0000-0000-0000-000000000000}
2025-10-10 16:02:00,CORP-SRV-005,host1.corp.local,CORP.LOCAL,Microsoft-Windows-Eventlog,System,2000200,7036,Information,System,Audit Success,SYSTEM,explorer.exe,10.1.1.90,The service entered the running state.,{00000000-0000-0000-0000-000000000000}
2025-10-11 15:32:00,CORP-SRV-015,host9.corp.local,CORP.LOCAL,Microsoft-Windows-Eventlog,System,2000218,1100,Information,Process Creation,Audit Success,SYSTEM,sqlservr.exe,10.1.1.179,The event logging service has shut down.,{00000000-0000-0000-0000-000000000000}
2025-10-14 07:13:00,CORP-SRV-014,host8.corp.local,CORP.LOCAL,Service Control Manager,Security,2000277,4688,Information,Network,Audit Success,SYSTEM,lsass.exe,10.1.2.45,A new process has been created: notepad.exe; CommandLine: 'notepad.exe --run'.,{00000000-0000-0000-0000-000000000000}
2025-10-15 04:37:00,CORP-SRV-003,host6.corp.local,CORP.LOCAL,Service Control Manager,Security,2000295,4624,Information,Service Control Manager,Application,CORP\bob,svchost.exe,10.1.1.27,An account was successfully logged on. Subject: bob; Logon Type: 10.,{00000000-0000-0000-0000-000000000000}
2025-10-08 13:25:00,CORP-SRV-018,host10.corp.local,CORP.LOCAL,DNS Server,Security,2000149,4725,Information,Process Creation,Audit Failure,CORP\itadmin,explorer.exe,10.1.4.240,A user account was disabled.,{00000000-0000-0000-0000-000000000000}
2025-10-13 16:06:00,CORP-SRV-010,host4.corp.local,CORP.LOCAL,Windows Firewall with Advanced Security,Security,2000263,4776,Warning,Policy Change,Classic,-,lsass.exe,10.1.5.137,The computer attempted to validate the credentials for an account.,{00000000-0000-0000-0000-000000000000}
2025-10-01 11:14:00,CORP-SRV-001,host3.corp.local,CORP.LOCAL,Microsoft-Windows-Eventlog,Security,2000002,4625,Warning,Network,Application,CORP\unknown,mimikatz.exe,10.1.5.204,An account failed to log on. Failure Reason: Unknown username or bad password; Account: CORP\unknown.,{00000000-0000-0000-0000-000000000000}
2025-10-10 15:20:00,CORP-SRV-010,host9.corp.local,CORP.LOCAL,Windows Firewall with Advanced Security,Security,2000198,4688,Information,System,Audit Failure,CORP\svc_deploy,explorer.exe,10.1.3.141,A new process has been created: mimikatz.exe; CommandLine: 'mimikatz.exe --run'.,{00000000-0000-0000-0000-000000000000}
2025-10-04 08:23:00,CORP-SRV-006,host3.corp.local,CORP.LOCAL,Windows Firewall with Advanced Security,Security,2000052,5156,Information,Logon,Security,SYSTEM,sqlservr.exe,10.1.2.3,The Windows Filtering Platform has permitted a connection.,{00000000-0000-0000-0000-000000000000}
2025-10-01 18:39:00,CORP-SRV-015,host7.corp.local,CORP.LOCAL,Microsoft-Windows-Sysmon,Security,2000006,4634,Information,Policy Change,Audit Failure,CORP\alice,explorer.exe,10.1.4.251,An account was logged off.,{00000000-0000-0000-0000-000000000000}
2025-10-11 04:18:00,CORP-SRV-020,host6.corp.local,CORP.LOCAL,Windows Firewall with Advanced Security,Security,2000205,4625,Warning,System,Application,CORP\alice,explorer.exe,10.1.5.126,An account failed to log on. Failure Reason: Unknown username or bad password; Account: CORP\alice.,{00000000-0000-0000-0000-000000000000}
2025-10-07 18:13:00,CORP-SRV-002,host9.corp.local,CORP.LOCAL,Microsoft-Windows-Security-Auditing,Security,2000128,4625,Warning,Network,Security,-,powershell.exe,10.1.5.124,An account failed to log on. Failure Reason: Unknown username or bad password; Account: N/A.,{00000000-0000-0000-0000-000000000000}
2025-10-13 18:14:00,CORP-SRV-006,host6.corp.local,CORP.LOCAL,Microsoft-Windows-Eventlog,Security,2000265,4722,Information,Network,Classic,CORP\itadmin,explorer.exe,10.1.1.43,A user account was enabled.,{00000000-0000-0000-0000-000000000000}
2025-10-05 13:55:00,CORP-SRV-018,host8.corp.local,CORP.LOCAL,Microsoft-Windows-Sysmon,System,2000077,7036,Information,Process Creation,Application,SYSTEM,svchost.exe,10.1.5.142,The service entered the running state.,{00000000-0000-0000-0000-000000000000}
2025-10-07 06:02:00,CORP-SRV-008,host4.corp.local,CORP.LOCAL,Kernel-Power,Security,2000113,4624,Information,Network,Classic,CORP\bob,mimikatz.exe,10.1.5.79,An account was successfully logged on. Subject: bob; Logon Type: 3.,{00000000-0000-0000-0000-000000000000}
2025-10-05 02:21:00,CORP-SRV-009,host6.corp.local,CORP.LOCAL,Windows Firewall with Advanced Security,Security,2000065,1102,Warning,Logon,Audit Success,CORP\Administrator,explorer.exe,10.1.1.46,The audit log was cleared.,{00000000-0000-0000-0000-000000000000}
2025-10-09 21:41:00,CORP-SRV-005,host4.corp.local,CORP.LOCAL,Microsoft-Windows-Sysmon,Security,2000183,4624,Information,Network,Audit Success,CORP\alice,svchost.exe,10.1.4.5,An account was successfully logged on. Subject: alice; Logon Type: 3.,{00000000-0000-0000-0000-000000000000}
2025-10-08 14:22:00,CORP-SRV-001,host2.corp.local,CORP.LOCAL,Microsoft-Windows-Security-Auditing,Security,2000151,4634,Information,System,Audit Failure,CORP\alice,lsass.exe,10.1.2.227,An account was logged off.,{00000000-0000-0000-0000-000000000000}
2025-10-14 00:35:00,CORP-SRV-004,host3.corp.local,CORP.LOCAL,Kernel-Power,Security,2000272,4725,Information,Logon,Application,CORP\itadmin,explorer.exe,10.1.4.208,A user account was disabled.,{00000000-0000-0000-0000-000000000000}
2025-10-08 21:53:00,CORP-SRV-007,host1.corp.local,CORP.LOCAL,Service Control Manager,Security,2000160,5156,Information,Policy Change,Security,SYSTEM,svchost.exe,10.1.5.184,The Windows Filtering Platform has permitted a connection.,{00000000-0000-0000-0000-000000000000}
2025-10-03 18:32:00,CORP-SRV-010,host7.corp.local,CORP.LOCAL,DNS Server,Security,2000046,4625,Warning,Process Creation,Security,CORP\alice,sqlservr.exe,10.1.5.204,An account failed to log on. Failure Reason: Unknown username or bad password; Account: CORP\alice.,{00000000-0000-0000-0000-000000000000}
2025-10-10 06:31:00,CORP-SRV-015,host1.corp.local,CORP.LOCAL,Windows Firewall with Advanced Security,Security,2000190,4634,Information,Process Creation,Audit Success,CORP\alice,explorer.exe,10.1.5.179,An account was logged off.,{00000000-0000-0000-0000-000000000000}
2025-10-05 11:31:00,CORP-SRV-010,host5.corp.local,CORP.LOCAL,Service Control Manager,Security,2000074,4725,Information,Network,Application,CORP\itadmin,lsass.exe,10.1.5.184,A user account was disabled.,{00000000-0000-0000-0000-000000000000}
2025-10-06 08:29:00,CORP-SRV-008,host3.corp.local,CORP.LOCAL,Microsoft-Windows-Security-Auditing,Security,2000092,5156,Information,Network,Classic,SYSTEM,mimikatz.exe,10.1.4.184,The Windows Filtering Platform has permitted a connection.,{00000000-0000-0000-0000-000000000000}
2025-10-10 15:55:00,CORP-SRV-010,host10.corp.local,CORP.LOCAL,DNS Server,System,2000199,7036,Information,Network,Audit Failure,SYSTEM,svchost.exe,10.1.3.174,The service entered the running state.,{00000000-0000-0000-0000-000000000000}
2025-10-13 12:17:00,CORP-SRV-011,host8.corp.local,CORP.LOCAL,Windows Firewall with Advanced Security,Security,2000257,5156,Information,Policy Change,Audit Failure,SYSTEM,explorer.exe,10.1.4.223,The Windows Filtering Platform has permitted a connection.,{00000000-0000-0000-0000-000000000000}
2025-10-05 23:41:00,CORP-SRV-004,host8.corp.local,CORP.LOCAL,DNS Server,System,2000087,7045,Information,Process Creation,Security,SYSTEM,winlogon.exe,10.1.2.231,A service was installed in the system.,{00000000-0000-0000-0000-000000000000}
2025-10-08 06:21:00,CORP-SRV-010,host4.corp.local,CORP.LOCAL,Kernel-Power,Security,2000143,5156,Information,Logon,Classic,SYSTEM,mimikatz.exe,10.1.1.252,The Windows Filtering Platform has permitted a connection.,{00000000-0000-0000-0000-000000000000}
2025-10-13 00:38:00,CORP-SRV-013,host6.corp.local,CORP.LOCAL,Service Control Manager,Security,2000245,4688,Information,Process Creation,Application,CORP\alice,mimikatz.exe,10.1.4.216,A new process has been created: sqlservr.exe; CommandLine: 'sqlservr.exe --run'.,{00000000-0000-0000-0000-000000000000}
2025-10-01 23:42:00,CORP-SRV-004,host1.corp.local,CORP.LOCAL,Microsoft-Windows-Sysmon,System,2000010,1100,Information,Logon,Audit Failure,SYSTEM,explorer.exe,10.1.4.226,The event logging service has shut down.,{00000000-0000-0000-0000-000000000000}
2025-10-08 22:40:00,CORP-SRV-003,host3.corp.local,CORP.LOCAL,Kernel-Power,System,2000162,7036,Information,Network,Security,SYSTEM,winlogon.exe,10.1.1.37,The service entered the running state.,{00000000-0000-0000-0000-000000000000}
2025-10-03 03:44:00,CORP-SRV-015,host3.corp.local,CORP.LOCAL,Microsoft-Windows-Eventlog,Security,2000032,4634,Information,System,Application,CORP\svc_monitor,explorer.exe,10.1.3.188,An account was logged off.,{00000000-0000-0000-0000-000000000000}
2025-10-08 00:10:00,CORP-SRV-016,host7.corp.local,CORP.LOCAL,Microsoft-Windows-Security-Auditing,Security,2000136,5156,Information,Service Control Manager,Application,SYSTEM,mimikatz.exe,10.1.2.12,The Windows Filtering Platform has permitted a connection.,{00000000-0000-0000-0000-000000000000}
2025-10-09 06:18:00,CORP-SRV-009,host7.corp.local,CORP.LOCAL,Winlogon,Security,2000166,4725,Information,System,Security,CORP\itadmin,svchost.exe,10.1.2.199,A user account was disabled.,{00000000-0000-0000-0000-000000000000}
2025-10-05 20:04:00,CORP-SRV-008,host4.corp.local,CORP.LOCAL,Microsoft-Windows-Security-Auditing,Security,2000083,4625,Warning,Policy Change,Classic,CORP\alice,winlogon.exe,10.1.1.110,An account failed to log on. Failure Reason: Unknown username or bad password; Account: CORP\alice.,{00000000-0000-0000-0000-000000000000}
2025-10-04 17:02:00,CORP-SRV-018,host8.corp.local,CORP.LOCAL,Microsoft-Windows-Security-Auditing,Security,2000057,5156,Information,Service Control Manager,Classic,SYSTEM,lsass.exe,10.1.4.211,The Windows Filtering Platform has permitted a connection.,{00000000-0000-0000-0000-000000000000}
2025-10-09 03:58:00,CORP-SRV-003,host6.corp.local,CORP.LOCAL,Microsoft-Windows-Security-Auditing,Security,2000165,4688,Information,Network,Application,CORP\alice,svchost.exe,10.1.4.192,A new process has been created: mimikatz.exe; CommandLine: 'mimikatz.exe --run'.,{00000000-0000-0000-0000-000000000000}
2025-10-08 19:03:00,CORP-SRV-006,host6.corp.local,CORP.LOCAL,Kernel-Power,Security,2000155,4688,Information,Network,Audit Failure,SYSTEM,lsass.exe,10.1.4.203,A new process has been created: mimikatz.exe; CommandLine: 'mimikatz.exe --run'.,{00000000-0000-0000-0000-000000000000}
2025-10-06 21:05:00,CORP-SRV-016,host1.corp.local,CORP.LOCAL,Microsoft-Windows-Sysmon,System,2000100,7036,Information,Policy Change,Application,SYSTEM,sqlservr.exe,10.1.1.41,The service entered the running state.,{00000000-0000-0000-0000-000000000000}
2025-10-07 16:03:00,CORP-SRV-016,host6.corp.local,CORP.LOCAL,Windows Firewall with Advanced Security,Security,2000125,4625,Warning,Network,Classic,CORP\unknown,sqlservr.exe,10.1.5.27,An account failed to log on. Failure Reason: Unknown username or bad password; Account: CORP\unknown.,{00000000-0000-0000-0000-000000000000}
2025-10-02 13:31:00,CORP-SRV-002,host4.corp.local,CORP.LOCAL,Service Control Manager,Security,2000023,4722,Information,Process Creation,Security,CORP\itadmin,powershell.exe,10.1.5.52,A user account was enabled.,{00000000-0000-0000-0000-000000000000}
2025-10-07 17:10:00,CORP-SRV-004,host7.corp.local,CORP.LOCAL,Microsoft-Windows-Eventlog,Security,2000126,4722,Information,Service Control Manager,Security,CORP\itadmin,sqlservr.exe,10.1.4.235,A user account was enabled.,{00000000-0000-0000-0000-000000000000}
2025-10-12 03:26:00,CORP-SRV-003,host2.corp.local,CORP.LOCAL,Microsoft-Windows-Sysmon,Security,2000231,4624,Information,System,Audit Failure,CORP\svc_monitor,winlogon.exe,10.1.3.96,An account was successfully logged on. Subject: svc_monitor; Logon Type: 3.,{00000000-0000-0000-0000-000000000000}
2025-10-10 07:53:00,CORP-SRV-006,host6.corp.local,CORP.LOCAL,Microsoft-Windows-Sysmon,System,2000195,1100,Information,System,Application,SYSTEM,explorer.exe,10.1.4.111,The event logging service has shut down.,{00000000-0000-0000-0000-000000000000}
2025-10-01 23:24:00,CORP-SRV-001,host10.corp.local,CORP.LOCAL,Winlogon,Security,2000009,4624,Information,Policy Change,Audit Failure,CORP\bob,mimikatz.exe,10.1.2.218,An account was successfully logged on. Subject: bob; Logon Type: 3.,{00000000-0000-0000-0000-000000000000}
2025-10-14 20:22:00,CORP-SRV-012,host8.corp.local,CORP.LOCAL,Winlogon,Security,2000287,4688,Information,Network,Audit Failure,SYSTEM,powershell.exe,10.1.2.152,A new process has been created: taskmgr.exe; CommandLine: 'taskmgr.exe --run'.,{00000000-0000-0000-0000-000000000000}
2025-10-06 23:13:00,CORP-SRV-018,host5.corp.local,CORP.LOCAL,Microsoft-Windows-Security-Auditing,Security,2000104,5156,Information,Policy Change,Classic,SYSTEM,lsass.exe,10.1.4.159,The Windows Filtering Platform has permitted a connection.,{00000000-0000-0000-0000-000000000000}
2025-10-08 18:02:00,CORP-SRV-016,host4.corp.local,CORP.LOCAL,Winlogon,System,2000153,7036,Information,System,Audit Failure,SYSTEM,lsass.exe,10.1.3.82,The service entered the running state.,{00000000-0000-0000-0000-000000000000}
2025-10-13 15:47:00,CORP-SRV-003,host3.corp.local,CORP.LOCAL,Windows Firewall with Advanced Security,Security,2000262,4624,Information,Logon,Application,CORP\alice,svchost.exe,10.1.5.146,An account was successfully logged on. Subject: alice; Logon Type: 2.,{00000000-0000-0000-0000-000000000000}
2025-10-07 23:33:00,CORP-SRV-010,host6.corp.local,CORP.LOCAL,Microsoft-Windows-Security-Auditing,System,2000135,1100,Information,Service Control Manager,Audit Failure,SYSTEM,explorer.exe,10.1.3.52,The event logging service has shut down.,{00000000-0000-0000-0000-000000000000}
2025-10-14 20:28:00,CORP-SRV-002,host10.corp.local,CORP.LOCAL,Winlogon,Security,2000289,4688,Information,Policy Change,Audit Failure,CORP\alice,winlogon.exe,10.1.3.239,A new process has been created: powershell.exe; CommandLine: 'powershell.exe --run'.,{00000000-0000-0000-0000-000000000000}
2025-10-11 23:13:00,CORP-SRV-009,host7.corp.local,CORP.LOCAL,Kernel-Power,System,2000226,6008,Error,Network,Application,SYSTEM,sqlservr.exe,10.1.1.108,The previous system shutdown was unexpected.,{00000000-0000-0000-0000-000000000000}
2025-10-02 22:58:00,CORP-SRV-006,host6.corp.local,CORP.LOCAL,Microsoft-Windows-Sysmon,System,2000025,7045,Information,Policy Change,Audit Failure,SYSTEM,mimikatz.exe,10.1.1.51,A service was installed in the system.,{00000000-0000-0000-0000-000000000000}
2025-10-10 10:59:00,CORP-SRV-003,host7.corp.local,CORP.LOCAL,Kernel-Power,Security,2000196,4688,Information,System,Classic,CORP\svc_deploy,sqlservr.exe,10.1.1.91,A new process has been created: cmd.exe; CommandLine: 'cmd.exe --run'.,{00000000-0000-0000-0000-000000000000}
2025-10-05 00:58:00,CORP-SRV-018,host5.corp.local,CORP.LOCAL,Microsoft-Windows-Eventlog,System,2000064,1100,Information,Process Creation,Audit Success,SYSTEM,lsass.exe,10.1.4.35,The event logging service has shut down.,{00000000-0000-0000-0000-000000000000}
2025-10-02 06:23:00,CORP-SRV-015,host6.corp.local,CORP.LOCAL,Microsoft-Windows-Eventlog,Security,2000015,4776,Warning,Network,Application,CORP\alice,lsass.exe,10.1.3.131,The computer attempted to validate the credentials for an account.,{00000000-0000-0000-0000-000000000000}
2025-10-07 04:47:00,CORP-SRV-016,host10.corp.local,CORP.LOCAL,Service Control Manager,Security,2000109,4625,Warning,Logon,Audit Failure,CORP\alice,lsass.exe,10.1.1.24,An account failed to log on. Failure Reason: Unknown username or bad password; Account: CORP\alice.,{00000000-0000-0000-0000-000000000000}
2025-10-03 00:28:00,CORP-SRV-020,host7.corp.local,CORP.LOCAL,Microsoft-Windows-Eventlog,Security,2000026,4776,Warning,System,Application,-,sqlservr.exe,10.1.2.186,The computer attempted to validate the credentials for an account.,{00000000-0000-0000-0000-000000000000}
2025-10-05 13:26:00,CORP-SRV-008,host7.corp.local,CORP.LOCAL,Kernel-Power,Security,2000076,4624,Information,Network,Security,CORP\bob,mimikatz.exe,10.1.3.81,An account was successfully logged on. Subject: bob; Logon Type: 2.,{00000000-0000-0000-0000-000000000000}
2025-10-03 15:58:00,CORP-SRV-001,host4.corp.local,CORP.LOCAL,Winlogon,Security,2000043,5156,Information,Network,Classic,SYSTEM,powershell.exe,10.1.2.66,The Windows Filtering Platform has permitted a connection.,{00000000-0000-0000-0000-000000000000}
2025-10-01 13:21:00,CORP-SRV-015,host4.corp.local,CORP.LOCAL,Service Control Manager,Security,2000003,5156,Information,System,Application,SYSTEM,lsass.exe,10.1.1.202,The Windows Filtering Platform has permitted a connection.,{00000000-0000-0000-0000-000000000000}
2025-10-04 05:29:00,CORP-SRV-006,host10.corp.local,CORP.LOCAL,Microsoft-Windows-Sysmon,Security,2000049,4634,Information,Network,Application,CORP\svc_monitor,lsass.exe,10.1.5.32,An account was logged off.,{00000000-0000-0000-0000-000000000000}
2025-10-14 23:51:00,CORP-SRV-007,host2.corp.local,CORP.LOCAL,Microsoft-Windows-Sysmon,Security,2000291,4624,Information,Policy Change,Audit Failure,CORP\svc_backup,powershell.exe,10.1.4.8,An account was successfully logged on. Subject: svc_backup; Logon Type: 10.,{00000000-0000-0000-0000-000000000000}
2025-10-03 03:07:00,CORP-SRV-006,host1.corp.local,CORP.LOCAL,Microsoft-Windows-Eventlog,Security,2000030,4688,Information,Policy Change,Classic,CORP\svc_deploy,svchost.exe,10.1.5.43,A new process has been created: powershell.exe; CommandLine: 'powershell.exe --run'.,{00000000-0000-0000-0000-000000000000}
2025-10-07 12:07:00,CORP-SRV-015,host2.corp.local,CORP.LOCAL,Microsoft-Windows-Eventlog,Security,2000121,4776,Warning,Logon,Security,CORP\svc_backup,sqlservr.exe,10.1.1.229,The computer attempted to validate the credentials for an account.,{00000000-0000-0000-0000-000000000000}
2025-10-07 06:33:00,CORP-SRV-008,host6.corp.local,CORP.LOCAL,Microsoft-Windows-Security-Auditing,System,2000115,7036,Information,Service Control Manager,Security,SYSTEM,powershell.exe,10.1.4.182,The service entered the running state.,{00000000-0000-0000-0000-000000000000}
2025-10-14 11:12:00,CORP-SRV-015,host9.corp.local,CORP.LOCAL,Microsoft-Windows-Security-Auditing,Security,2000278,4624,Information,System,Classic,CORP\alice,lsass.exe,10.1.3.181,An account was successfully logged on. Subject: alice; Logon Type: 10.,{00000000-0000-0000-0000-000000000000}
2025-10-11 14:47:00,CORP-SRV-015,host7.corp.local,CORP.LOCAL,Service Control Manager,Security,2000216,5156,Information,Policy Change,Audit Failure,SYSTEM,svchost.exe,10.1.4.28,The Windows Filtering Platform has permitted a connection.,{00000000-0000-0000-0000-000000000000}
2025-10-13 16:13:00,CORP-SRV-006,host5.corp.local,CORP.LOCAL,DNS Server,Security,2000264,5156,Information,System,Security,SYSTEM,svchost.exe,10.1.2.61,The Windows Filtering Platform has permitted a connection.,{00000000-0000-0000-0000-000000000000}
2025-10-11 08:28:00,CORP-SRV-009,host10.corp.local,CORP.LOCAL,Microsoft-Windows-Sysmon,Security,2000209,5156,Information,Policy Change,Classic,SYSTEM,lsass.exe,10.1.2.48,The Windows Filtering Platform has permitted a connection.,{00000000-0000-0000-0000-000000000000}
2025-10-01 09:51:00,CORP-SRV-014,host2.corp.local,CORP.LOCAL,Microsoft-Windows-Sysmon,Security,2000001,4624,Information,Network,Audit Success,CORP\svc_backup,mimikatz.exe,10.1.2.34,An account was successfully logged on. Subject: svc_backup; Logon Type: 3.,{00000000-0000-0000-0000-000000000000}
2025-10-02 11:49:00,CORP-SRV-017,host3.corp.local,CORP.LOCAL,DNS Server,System,2000022,1100,Information,Network,Security,SYSTEM,svchost.exe,10.1.5.246,The event logging service has shut down.,{00000000-0000-0000-0000-000000000000}
2025-10-01 20:43:00,CORP-SRV-001,host8.corp.local,CORP.LOCAL,Winlogon,Security,2000007,4625,Warning,Network,Audit Success,CORP\unknown,mimikatz.exe,10.1.5.96,An account failed to log on. Failure Reason: Unknown username or bad password; Account: CORP\unknown.,{00000000-0000-0000-0000-000000000000}
2025-10-08 04:56:00,CORP-SRV-008,host2.corp.local,CORP.LOCAL,DNS Server,Security,2000141,4634,Information,Process Creation,Audit Success,CORP\svc_monitor,sqlservr.exe,10.1.4.171,An account was logged off.,{00000000-0000-0000-0000-000000000000}
2025-10-05 22:48:00,CORP-SRV-003,host7.corp.local,CORP.LOCAL,Microsoft-Windows-Eventlog,Security,2000086,4624,Information,Logon,Security,CORP\svc_monitor,powershell.exe,10.1.1.142,An account was successfully logged on. Subject: svc_monitor; Logon Type: 3.,{00000000-0000-0000-0000-000000000000}
2025-10-12 17:43:00,CORP-SRV-015,host2.corp.local,CORP.LOCAL,Kernel-Power,System,2000241,7036,Information,Process Creation,Classic,SYSTEM,lsass.exe,10.1.3.156,The service entered the running state.,{00000000-0000-0000-0000-000000000000}
2025-10-11 14:43:00,CORP-SRV-007,host6.corp.local,CORP.LOCAL,Windows Firewall with Advanced Security,Security,2000215,4720,Information,Process Creation,Application,CORP\itadmin,sqlservr.exe,10.1.3.132,A user account was created.,{00000000-0000-0000-0000-000000000000}
2025-10-05 06:10:00,CORP-SRV-004,host9.corp.local,CORP.LOCAL,Windows Firewall with Advanced Security,System,2000068,6008,Error,System,Classic,SYSTEM,explorer.exe,10.1.4.213,The previous system shutdown was unexpected.,{00000000-0000-0000-0000-000000000000}
2025-10-04 05:55:00,CORP-SRV-004,host1.corp.local,CORP.LOCAL,Windows Firewall with Advanced Security,Security,2000050,4776,Warning,Logon,Audit Failure,-,winlogon.exe,10.1.3.75,The computer attempted to validate the credentials for an account.,{00000000-0000-0000-0000-000000000000}
2025-10-08 20:02:00,CORP-SRV-020,host7.corp.local,CORP.LOCAL,DNS Server,Security,2000156,4634,Information,Logon,Application,CORP\alice,lsass.exe,10.1.3.88,An account was logged off.,{00000000-0000-0000-0000-000000000000}
2025-10-13 08:54:00,CORP-SRV-018,host3.corp.local,CORP.LOCAL,Kernel-Power,Security,2000252,4624,Information,Logon,Security,CORP\svc_backup,svchost.exe,10.1.4.125,An account was successfully logged on. Subject: svc_backup; Logon Type: 3.,{00000000-0000-0000-0000-000000000000}
2025-10-13 11:16:00,CORP-SRV-019,host5.corp.local,CORP.LOCAL,Winlogon,Security,2000254,5156,Information,System,Security,SYSTEM,lsass.exe,10.1.4.120,The Windows Filtering Platform has permitted a connection.,{00000000-0000-0000-0000-000000000000}
2025-10-14 06:25:00,CORP-SRV-019,host7.corp.local,CORP.LOCAL,Service Control Manager,Security,2000276,4688,Information,Process Creation,Security,CORP\alice,mimikatz.exe,10.1.4.179,A new process has been created: notepad.exe; CommandLine: 'notepad.exe --run'.,{00000000-0000-0000-0000-000000000000}
2025-10-09 18:05:00,CORP-SRV-017,host9.corp.local,CORP.LOCAL,Microsoft-Windows-Eventlog,Security,2000178,4625,Warning,Service Control Manager,Classic,CORP\unknown,winlogon.exe,10.1.3.14,An account failed to log on. Failure Reason: Unknown username or bad password; Account: CORP\unknown.,{00000000-0000-0000-0000-000000000000}
2025-10-14 11:47:00,CORP-SRV-018,host2.corp.local,CORP.LOCAL,Kernel-Power,Security,2000281,4624,Information,Logon,Audit Failure,CORP\svc_monitor,powershell.exe,10.1.3.108,An account was successfully logged on. Subject: svc_monitor; Logon Type: 10.,{00000000-0000-0000-0000-000000000000}
2025-10-12 11:21:00,CORP-SRV-019,host8.corp.local,CORP.LOCAL,Microsoft-Windows-Security-Auditing,Security,2000237,4776,Warning,Process Creation,Application,CORP\alice,lsass.exe,10.1.3.10,The computer attempted to validate the credentials for an account.,{00000000-0000-0000-0000-000000000000}
2025-10-05 07:22:00,CORP-SRV-011,host2.corp.local,CORP.LOCAL,Microsoft-Windows-Eventlog,Security,2000071,5156,Information,Service Control Manager,Audit Failure,SYSTEM,powershell.exe,10.1.5.102,The Windows Filtering Platform has permitted a connection.,{00000000-0000-0000-0000-000000000000}
2025-10-07 18:57:00,CORP-SRV-008,host10.corp.local,CORP.LOCAL,Microsoft-Windows-Eventlog,Security,2000129,4625,Warning,Network,Audit Success,CORP\alice,mimikatz.exe,10.1.1.97,An account failed to log on. Failure Reason: Unknown username or bad password; Account: CORP\alice.,{00000000-0000-0000-0000-000000000000}
2025-10-08 06:26:00,CORP-SRV-010,host5.corp.local,CORP.LOCAL,Microsoft-Windows-Sysmon,Security,2000144,5156,Information,Logon,Security,SYSTEM,winlogon.exe,10.1.5.20,The Windows Filtering Platform has permitted a connection.,{00000000-0000-0000-0000-000000000000}
2025-10-07 22:48:00,CORP-SRV-008,host4.corp.local,CORP.LOCAL,Winlogon,Security,2000133,4625,Warning,Process Creation,Application,CORP\alice,winlogon.exe,10.1.5.197,An account failed to log on. Failure Reason: Unknown username or bad password; Account: CORP\alice.,{00000000-0000-0000-0000-000000000000}
2025-10-11 01:49:00,CORP-SRV-006,host4.corp.local,CORP.LOCAL,DNS Server,Security,2000203,4625,Warning,Network,Application,CORP\alice,powershell.exe,10.1.5.34,An account failed to log on. Failure Reason: Unknown username or bad password; Account: CORP\alice.,{00000000-0000-0000-0000-000000000000}
2025-10-13 11:35:00,CORP-SRV-007,host6.corp.local,CORP.LOCAL,Microsoft-Windows-Eventlog,Security,2000255,4688,Information,Service Control Manager,Application,CORP\svc_deploy,lsass.exe,10.1.3.113,A new process has been created: notepad.exe; CommandLine: 'notepad.exe --run'.,{00000000-0000-0000-0000-000000000000}
2025-10-05 07:31:00,CORP-SRV-019,host3.corp.local,CORP.LOCAL,Service Control Manager,System,2000072,6008,Error,System,Security,SYSTEM,mimikatz.exe,10.1.3.147,The previous system shutdown was unexpected.,{00000000-0000-0000-0000-000000000000}
2025-10-12 06:45:00,CORP-SRV-006,host6.corp.local,CORP.LOCAL,Winlogon,Security,2000235,4634,Information,System,Classic,CORP\bob,mimikatz.exe,10.1.1.115,An account was logged off.,{00000000-0000-0000-0000-000000000000}
2025-10-03 10:26:00,CORP-SRV-015,host8.corp.local,CORP.LOCAL,Microsoft-Windows-Sysmon,Security,2000037,5156,Information,Logon,Application,SYSTEM,mimikatz.exe,10.1.2.184,The Windows Filtering Platform has permitted a connection.,{00000000-0000-0000-0000-000000000000}
